area,demand_twh,fixed_hydro_twh,emergency_supply_twh,shortage_hours,mean_price_eur_mwh,price_mae_vs_chronological_eur_mwh
0:AL,7.605935001571655,3.125727712705969,0.0,0,99.17607288547855,0.21797393236868526
0:AT,59.19088129889679,23.438965458905265,0.0,0,91.27537831531072,0.3202933481173496
0:BA,8.432011688697814,4.136915460868458,0.0,0,99.1359537702593,0.2277473515073039
0:BE,80.3635647456131,0.04411911856892729,0.0,0,75.59884898693858,0.37133294553878543
0:BG,37.885283174964904,2.308968632567753,0.0,0,99.0256803611429,0.2195730722443289
0:CH,62.346887529045105,21.288892174080015,0.0,0,84.7438353062849,0.39602754680556235
0:CZ,62.60863901974487,1.534604662047052,0.0,0,95.1953912907093,0.435319052743149
0:DE,465.6506111974182,1.5934922862398482,0.0,0,80.10692696952707,0.27701196103651343
0:DK,19.607603345924378,0.0,0.0,0,78.33810325936365,0.33684812922492063
0:EE,7.941961699760437,0.0,0.0,0,93.58668518479507,0.2861080957968289
0:ES,234.74780512442015,23.077940171847665,0.0,0,83.53267560278155,0.3381886357767314
0:FR,433.49206001615903,29.720403364678713,0.0,0,63.530608271354424,0.36471189348426014
0:GR,50.193771748840334,3.26415900126429,0.0,0,99.09001222854455,0.21230657957557808
0:HR,18.230148500198364,3.9304588748438403,0.0,0,98.97353215604565,0.24832364367539012
0:HU,43.210005968833926,0.10093112059744781,0.0,0,96.37016702201235,0.2663447450521044
0:IT,272.63240084075926,14.34226263688885,0.0,0,99.5586034725902,0.19311652237956187
0:LT,11.772864476242065,0.3607897865105928,0.0,0,93.58668518479507,0.28610809579682844
0:LU,4.843477593925476,0.0,0.0,0,84.53952639275755,1.0619214452033714
0:LV,7.201224802078247,0.0,0.0,0,93.58668518479507,0.2861080957968288
0:ME,3.0700140779495237,1.3045776913837048,0.0,0,99.20136477096997,0.2208936390552868
0:MK,5.324999050476074,0.6431623385769318,0.0,0,99.16623504329571,0.2180246578779944
0:NL,116.9040159910431,0.0,0.0,0,78.63881102596265,0.35764307098336334
0:PL,158.3500118000641,0.8567517481509139,0.0,0,94.48112049138167,0.17829248324617777
0:PT,53.08791996813202,3.485952912232293,0.0,0,85.00043977312919,0.3649898111189262
0:RO,53.560333579940796,6.3509426570171215,0.0,0,98.83486553079841,0.24013192672160558
0:RS,34.3214870015564,6.6594789133465895,0.0,0,99.31775943931156,0.22620194584461986
0:SI,12.533900388168336,0.7714621221672129,0.0,0,100.1745238215626,0.31394321573062295
0:SK,25.824788700317384,0.31190821282664216,0.0,0,95.7176291174574,0.2676030582807682
0:XK,6.780857315383911,0.08442776516631764,0.0,0,99.20046810579976,0.21873825723810994
1:DK,18.86310644303894,0.0,0.0,0,73.94656202934442,6.170173271406324
1:FI,84.55375715096282,6.6560484030137586,0.0,0,56.139302076128736,2.454181394368259
1:NO,137.04442755136873,99.77654174819288,0.02981949509529285,4,228.0204965126198,37.590109677729885
1:SE,129.5462817512131,50.17539510514334,0.0,0,54.542195624664245,2.364015009181328
2:ES,3.66624287525177,0.0,0.0,0,84.01262087330417,0.31937884804495037
3:FR,1.1901393649291991,0.6717398589928911,0.0,0,97.70866190544918,1.1704225617831183
4:GB,229.10849491451265,0.45841265357745037,0.0,0,66.25530156560268,0.35870421512939815
5:GB,7.509675114250183,0.0,0.0,0,90.53477010217235,0.1320791223167058
5:IE,34.52733977433014,0.11590009615384571,0.0,0,90.53477010217235,0.1320791223167058
6:GB,0.11662641820526123,0.0,0.0,0,66.25530156560268,0.35870421512939843
7:IT,4.477907153114319,0.41169421219000796,0.0,0,83.41882586925799,0.2582345686492581
