zone_a,zone_b,collapsed_model_areas,known_hours,mae_eur_mwh,bias_eur_mwh,direction_agreement_selected_fraction,observed_spread_above_5_hours,model_spread_above_5_hours
AL,GR,False,8760,29.920812205409433,14.090713376229898,0.576089863599893,7478,244
AT,CH,False,8760,14.693715328849883,-9.612338799777731,0.4250051156128504,4887,4584
AT,CZ,False,8760,15.658707424908474,7.609643372549592,0.4657777777777778,5625,2199
AT,DE-LU,False,8760,12.892872739831745,-0.8871398408397507,0.7857927499084585,5462,3942
AT,HU,False,8760,16.384978250411272,-5.38784555857878,0.6362199191990163,5693,2047
AT,IT-North,False,8760,18.81415462066718,-13.087962095003762,0.7390290129756524,6859,3050
AT,SI,False,8760,14.047551992606703,0.45555126559423054,0.5941013824884792,5425,2663
BE,DE-LU,False,8760,13.608594808151278,-2.055846678264095,0.7530926111668338,5982,3493
BE,FR,False,8760,16.924461354181798,11.456756450612763,0.9068454481298518,5668,4332
BE,NL,False,8760,7.939325745728095,-0.6764888985620813,0.8085235920852359,3285,2673
BG,GR,False,8760,6.223591903690651,3.086882770928717,0.611323155216285,1572,156
BG,MK,False,8760,14.313059909140392,-0.6313169474260497,0.5168727029736051,5986,213
BG,RO,False,8760,1.6633748974244837,-1.2406191660815218,0.46632124352331605,386,44
BG,RS,False,8760,12.837269849562025,-0.6477051216300836,0.49491648511256353,5508,119
CH,DE-LU,False,8760,18.09542922676035,8.725198958937982,0.7297768479776848,5736,3993
CH,FR,False,8760,28.661656579982875,22.237802087814842,0.9231769140777331,7693,5061
CH,IT-North,False,8760,14.111412921152743,-3.47562329522603,0.8170257859413634,5662,4440
CZ,DE-LU,False,8760,18.058575370571372,-8.496783213389342,0.6764224686420651,5501,3860
CZ,PL,False,8760,16.052606945056407,-9.6390912484529,0.6843428571428571,4375,2812
CZ,SK,False,8760,11.096385334011375,-7.399122790739295,0.48048780487804876,2870,2042
DE-LU,DK1,False,8760,14.302484214491544,6.908487368242967,0.6386156648451731,5490,492
DE-LU,DK2,False,8760,100.61648580148865,66.13476913742755,0.6443506969919296,5452,5770
DE-LU,FR,False,8760,22.255916308039914,13.512603128876858,0.886978579481398,7096,5417
DE-LU,NL,False,8760,10.901882128772266,1.3793577797020131,0.6019545198271001,5321,1710
DE-LU,NO2,False,8760,541.6817880588401,527.3046912753256,0.5961685823754789,7830,5734
DE-LU,PL,False,8760,17.41401529763005,-1.1423080350635566,0.7264255251934923,6331,4036
DE-LU,SE4,False,8760,46.72059557954396,30.435868008003478,0.7907850779510023,7184,5885
DK1,DK2,False,8760,98.31921343636778,59.22628176918459,0.515639374425023,2174,5552
DK1,NL,False,8760,12.36591824722477,-5.529129588540953,0.6801123308654583,3917,1596
DK1,NO2,False,8760,536.056791150401,520.3962039070827,0.596755162241888,6780,5548
DK1,SE3,False,8760,46.477816720594475,37.72178075391576,0.7867775831873906,6852,5666
DK2,SE4,False,8760,77.46323893020255,-35.69890112942408,0.4855040142729706,4484,1326
EE,FI,False,8760,59.7028649138039,25.341886761168265,0.9108612728367798,4981,6131
EE,LV,False,8760,6.976803938356166,-5.340721175799086,0.06792717086834733,1428,0
ES,FR,False,8760,26.614591380740638,-15.42334475713346,0.7042459736456809,4781,4549
ES,PT,False,8760,2.3346426787051424,0.41488530756808567,0.8309859154929577,568,55
FI,NO4,False,8760,537.5328288275085,536.942321310947,0.11900191938579655,5210,4125
FI,SE1,False,8760,27.769880595487116,27.101618192026514,0.4055925432756325,3755,505
FI,SE3,False,8760,24.9428592696037,-2.423035346786272,0.3600541180449856,5913,505
FR,IT-North,False,8760,29.8828483799069,-25.713425383040867,0.9538145327046307,8271,5399
GR,IT-SUD,False,8760,27.352603047315608,-12.55135154363789,0.5632711167352104,6322,1103
GR,MK,False,8760,15.520262493202665,-3.7181997183547666,0.5514779143141814,6022,299
HR,HU,False,8760,7.059457450436959,-4.444366329238746,0.4413255360623782,2565,685
HR,RS,False,8760,12.336249015532255,-2.492831657507011,0.46795338674435544,5492,193
HR,SI,False,8760,3.0302001025727505,1.3990304949342647,0.43507462686567167,1340,254
HU,RO,False,8760,5.193042113916064,1.3586206272802972,0.5462295081967213,1525,456
HU,RS,False,8760,12.822369646722699,1.9515346717317352,0.5055789281141394,5467,558
HU,SI,False,8760,9.441052049402435,5.843396824173011,0.44246239944036375,2859,1352
HU,SK,False,8760,8.558137655323941,5.5983661403890785,0.5867881548974943,2195,7
IT-CNOR,IT-CSUD,True,8760,1.0276543949771688,0.4644928652968037,0.0,337,0
IT-CNOR,IT-North,True,8760,0.925896689497717,0.9232505707762557,0.0,456,0
IT-CSUD,IT-SUD,True,8760,1.2936452625570776,1.2936452625570776,0.0,280,0
IT-North,SI,False,8760,22.72558245888679,13.543513360597993,0.4484509014528269,5713,1585
LT,LV,False,8760,0.5812482876712467,-0.4232089041095902,0.21875,128,0
LT,PL,False,8760,38.59384206507693,-17.93621247115079,0.66793711291091,6297,599
LT,SE4,False,8760,59.300583823445024,13.64196357191624,0.7666899278902071,4299,6218
NL,NO2,False,8760,539.5897979433599,525.9253334956237,0.5780694558381186,7314,5846
NO1,SE3,False,8760,510.2830758556732,-489.71898451161434,0.6466975982532751,7328,4174
NO3,SE2,False,8760,506.250340328048,-497.2642119659523,0.6189633822748983,5653,4174
NO4,SE1,False,8760,510.86824557777464,-509.8407031189204,0.2002301495972382,3476,4174
NO4,SE2,False,8760,510.9001880852413,-509.6617148198336,0.25287678922256523,3563,4174
PL,SE4,False,8760,50.5424296868209,31.578176043067028,0.8789835164835165,7280,6440
PL,SK,False,8760,15.907816482262842,2.239968457713604,0.7556818181818182,4576,2055
RO,RS,False,8760,12.096766803986768,0.592914044451438,0.47990500548045306,5474,61
SE1,SE2,True,8760,2.988361586757991,0.17898829908675803,0.0,1496,0
SE2,SE3,True,8760,29.874930079908676,-29.703641837899543,0.0,6163,0
SE3,SE4,True,8760,14.549773401826483,-14.194400114155252,0.0,4979,0
