zone,model_area,known_hours,mae_eur_mwh,bias_eur_mwh,rmse_eur_mwh,correlation,p95_absolute_error_eur_mwh
AL,0:AL,8760,37.25012550268172,-22.55954537015456,54.58493739290816,0.4706287303848351,114.94687954756884
AT,0:AT,8760,24.511853480064925,-8.76710899963642,34.7714620318551,0.7623997828758962,65.10964459201256
BA,0:BA,0,,,,,
BE,0:BE,8760,21.715410098202817,-7.598402162212075,31.38802164328285,0.7868735267275815,56.180593311018164
BG,0:BG,8760,35.838891508858865,-11.555714764853382,53.11041361438331,0.5608834960877306,99.90566154528315
CH,0:CH,8760,26.430562688633106,-18.379447799414155,32.90156161971713,0.7736829112727638,59.31069254287816
CZ,0:CZ,8760,29.16552420586216,-1.1574656270868284,43.766620820729344,0.5082537860810827,90.57262349189071
DE-LU,0:DE,8760,22.215258681657573,-9.654248840476171,34.29467779286129,0.7813419580321428,63.07538182300274
DK1,0:DK,8760,23.966574283225935,-2.745761472233203,36.08587365014119,0.7064106382597917,66.73970424800241
DK2,1:DK,8760,111.89360011457521,56.480520296951376,468.1582826889934,0.12728892420507126,603.5969797109481
EE,0:EE,8760,51.02572580703036,12.05716786730056,68.30505221796302,0.4340408306056337,112.29022432286445
ES,0:ES,8760,32.980596426895275,19.28169904553415,41.490759238829575,0.6470325279452798,82.40199975687236
FI,1:FI,8760,57.021032455899224,37.399054628468825,384.4467273334822,0.09476446388784979,106.15686325120858
FR,0:FR,8760,21.856700972819027,3.858354288400688,28.379415362732054,0.801192526170907,56.555092896164076
GB,4:GB,0,,,,,
GR,0:GR,8760,34.381748700779426,-8.468831993924665,50.50777447005908,0.5626894878383705,92.98957443030912
HR,0:HR,8760,30.948929171521666,-9.710588228976455,46.30634679235605,0.6134413573673775,86.93081451495843
HU,0:HU,8760,34.29560568827467,-14.154954558215199,52.29179817785995,0.6214789902185001,102.06333182832626
IE,5:IE,0,,,,,
IT-CNOR,0:IT,8760,25.85877243269277,-22.778321665416435,31.76285761031653,0.6860344809844572,60.69910206405724
IT-CSUD,0:IT,8760,25.91425021597756,-22.313828800119634,31.68584939437157,0.6842276794753385,60.20704105218729
IT-North,0:IT,8760,24.969457087094955,-21.85507109464018,30.525661856586783,0.7008632613307345,56.64983106889286
IT-SUD,0:IT,8760,26.0802609986129,-21.02018353756256,32.027120757333456,0.6700233306493457,61.9923175962208
LT,0:LT,8760,47.75901144694595,7.139655595611064,67.20737975594096,0.44796714966248724,112.51857100128899
LV,0:LV,8760,47.54523192947906,6.716446691501474,67.04507830359032,0.44355116467038225,112.77247623672646
ME,0:ME,0,,,,,
MK,0:MK,8760,33.968891326420085,-12.187031712279431,49.84219918056527,0.581645635895692,96.60333713032146
NL,0:NL,8760,22.2494542480643,-8.274891060774157,33.847334888395835,0.7708639730878525,60.00292187955958
NO1,1:NO,8760,540.5179401117977,524.6950037932969,2224.6098818175983,0.2461715011377199,4042.1222386232944
NO2,1:NO,8760,539.6144154227892,517.6504424348495,2223.778800140215,0.2242125911959514,4041.2642448094857
NO3,1:NO,8760,562.9664978920138,561.9438730855344,2235.044832121595,0.27338534287733457,4062.988238623264
NO4,1:NO,8760,575.2925528926248,574.3413759394157,2243.378061699392,0.06029806424869179,4096.008738623216
NO5,1:NO,8760,542.4068077295545,536.1338942042559,2226.7515655920597,0.30175072566511657,4061.7582386233053
PL,0:PL,8760,27.34926606401273,-10.796556875539727,42.90290782442907,0.6422718564354633,86.29278942045357
PT,0:PT,8760,32.672840183369196,19.696584353102235,41.35961741544029,0.6270078912124284,82.72067116339285
RO,0:RO,8760,35.02549663681031,-12.796333930934903,52.52824581856045,0.5760486875796069,100.88278231663735
RS,0:RS,8760,32.13415900141708,-12.203419886483465,47.48811385781304,0.5774529128361237,93.11398708687678
SE1,1:SE,8760,67.08173371835899,64.50067282049532,388.10613025751627,0.11546551426716192,115.33580829580461
SE2,1:SE,8760,67.4105661309706,64.67966111958211,388.08768388703476,0.11663079893974947,115.62299587977404
SE3,1:SE,8760,50.85929247666214,34.97601928168255,384.8986097528513,0.09358522219487567,93.38265161906632
SE4,1:SE,8760,52.34772818436104,20.781619167527307,385.0708772570171,0.07239042067132687,92.87891081779715
SI,0:SI,8760,30.10360504506588,-8.31155773404219,45.77639819338942,0.5897202838114557,86.78345047061909
SK,0:SK,8760,30.48030664022677,-8.556588417826122,45.95283096977916,0.6680148823077963,86.44928495576613
