area,demand_twh,emergency_supply_twh,hydro_generation_twh,shortage_hours,mean_price_eur_mwh
0:AL,7.605935001571655,0.0,3.125727712705969,0,99.19737544620457
0:AT,59.19088129889679,0.0,23.438965458905262,0,91.24851821161329
0:BA,8.432011688697814,0.0,4.136915460868458,0,99.15272525612052
0:BE,80.3635647456131,0.0,0.04411911856892729,0,75.56212212653698
0:BG,37.885283174964904,0.0,2.308968632567753,0,99.05556366333465
0:CH,62.346887529045105,0.0,21.288892174080015,0,84.67542859835685
0:CZ,62.60863901974487,0.0,1.534604662047052,0,95.21837438172597
0:DE,465.6506111974182,0.0,1.5934922862398484,0,80.04190509597926
0:DK,19.607603345924378,0.0,0.0,0,78.26000444858718
0:EE,7.941961699760437,0.0,0.0,0,93.56510839078608
0:ES,234.74780512442015,0.0,23.077940171847665,0,83.3623540499765
0:FR,433.49206001615903,0.0,29.72040336467871,0,63.400270655111925
0:GR,50.193771748840334,0.0,3.26415900126429,0,99.11571196521408
0:HR,18.230148500198364,0.0,3.9304588748438403,0,98.98999226855966
0:HU,43.210005968833926,0.0,0.10093112059744781,0,96.37596320094714
0:IT,272.63240084075926,0.0,14.342262636888854,0,99.5710345754047
0:LT,11.772864476242065,0.0,0.3607897865105928,0,93.56510839078608
0:LU,4.843477593925476,0.0,0.0,0,84.65063781888524
0:LV,7.201224802078247,0.0,0.0,0,93.56510839078608
0:ME,3.0700140779495237,0.0,1.3045776913837048,0,99.21972665903701
0:MK,5.324999050476074,0.0,0.6431623385769318,0,99.18881645431853
0:NL,116.9040159910431,0.0,0.0,0,78.59872113300356
0:PL,158.3500118000641,0.0,0.8567517481509137,0,94.47632368040954
0:PT,53.08791996813202,0.0,3.4859529122322925,0,84.82870740996285
0:RO,53.560333579940796,0.0,6.3509426570171215,0,98.87530514386806
0:RS,34.3214870015564,0.0,6.6594789133465895,0,99.33394489988736
0:SI,12.533900388168336,0.0,0.7714621221672129,0,100.19655458925492
0:SK,25.824788700317384,0.0,0.31190821282664216,0,95.72209969115484
0:XK,6.780857315383911,0.0,0.08442776516631764,0,99.2209628047644
1:DK,18.86310644303894,0.0,0.0,0,76.72172347365482
1:FI,84.55375715096282,0.0,6.6560484030137586,0,55.16715668815296
1:NO,137.04442755136873,0.029819495095292848,99.77654174819288,4,257.82193909845796
1:SE,129.5462817512131,0.0,50.17539510514334,0,53.64891698252029
2:ES,3.66624287525177,0.0,0.0,0,83.84560820727981
3:FR,1.1901393649291991,0.0,0.6717398589928911,0,98.32721383333633
4:GB,229.10849491451265,0.0,0.4584126535774505,0,66.15945800231049
5:GB,7.509675114250183,0.0,0.0,0,90.57872922433783
5:IE,34.52733977433014,0.0,0.11590009615384571,0,90.57872922433783
6:GB,0.11662641820526123,0.0,0.0,0,66.15945800231049
7:IT,4.477907153114319,0.0,0.41169421219000796,0,83.44636978653047
