utc,hydro_twh,water_inflow_twh,spill_twh,end_inventory_twh
2025-01-01,8.211978923726406,8.91755019364992,0.0,0.4236641460946111
2025-02-01,5.516373097878191,5.910655380753545,0.0,0.20501608476127756
2025-03-01,6.040163914095535,6.535509488990444,0.0,0.02923233586779353
2025-04-01,6.096462144275953,6.778734390830524,0.0,0.03411989972503555
2025-05-01,9.370899180406866,10.512618542291321,0.0,0.13462824156432163
2025-06-01,12.043419123492605,14.680789876157187,1.1524051735149454,0.28143614032589354
2025-07-01,9.384675044469072,10.525228531270834,0.0,0.3792479555199808
2025-08-01,7.097587088627778,7.900823929155373,0.0,0.3938640084222572
2025-09-01,7.399491668068977,8.304704453500536,0.0,0.4769110529572626
2025-10-01,10.18141216144668,11.426949676146666,0.0,0.5911805497187292
2025-11-01,9.508502734500235,10.584515711633518,0.0,0.6106932230186559
2025-12-01,8.925576667204577,9.937149163793794,0.0,0.6305349788073661
