area,reservoir_emergency_twh,no_hydro_emergency_twh
0:AL,0.0,0.0
0:AT,0.0,0.0
0:BA,0.0,0.0
0:BE,0.0,0.0
0:BG,0.0,0.0
0:CH,0.0,0.0
0:CZ,0.0,0.0
0:DE,0.0,0.0
0:DK,0.0,0.0
0:EE,0.0,0.0006405610912117
0:ES,0.0,0.0017037942022206
0:FR,0.0,0.0
0:GR,0.0,0.0
0:HR,0.0,0.0
0:HU,0.0,0.0
0:IT,0.0,0.0
0:LT,0.0,0.0014903644278759
0:LU,0.0,0.0
0:LV,0.0,0.0006921523503031
0:ME,0.0,0.0
0:MK,0.0,0.0
0:NL,0.0,0.0
0:PL,0.0,0.0
0:PT,0.0,0.0012895925481767
0:RO,0.0,0.0
0:RS,0.0,0.0
0:SI,0.0,0.0
0:SK,0.0,0.0
0:XK,0.0,0.0
1:DK,0.0,0.1695798162980127
1:FI,0.0,0.1490880980723252
1:NO,0.029819495095292848,34.34644665932757
1:SE,0.0,0.0985094360442666
2:ES,0.0,0.0
3:FR,0.0,0.0
4:GB,0.0,0.0
5:GB,0.0,0.0
5:IE,0.0,0.0
6:GB,0.0,0.0
7:IT,0.0,0.0
