area,demand_twh,primary_generation_twh,emergency_supply_twh,shortage_hours,mean_price_eur_mwh
0:AL,7.605935001571655,1.3597329951220938,0.0,0,109.74849258200548
0:AT,59.19088129889679,39.85613347355037,0.0,0,106.54224700929547
0:BA,8.432011688697814,1.8071645008303547,0.0,0,109.84713649160759
0:BE,80.3635647456131,64.32666235223711,0.0,0,94.0142890974858
0:BG,37.885283174964904,36.02362420683863,0.0,0,109.58776864138628
0:CH,62.346887529045105,36.19660900581801,0.0,0,102.30380774674524
0:CZ,62.60863901974487,49.428737969336304,0.0,0,108.84704018440756
0:DE,465.6506111974182,587.9687154242847,0.0,0,99.1056602655929
0:DK,19.607603345924378,28.209763308508755,0.0,0,98.51943890459837
0:EE,7.941961699760437,4.304015743436352,0.0005004938450090989,5,163.8050710273034
0:ES,234.74780512442015,234.3498458082946,0.0023327457616069427,4,98.09026764456875
0:FR,433.49206001615903,523.1760985203097,0.0,0,83.79118134774004
0:GR,50.193771748840334,70.95597333531416,0.0,0,109.53124104792798
0:HR,18.230148500198364,12.485066196030367,0.0,0,109.97366492436473
0:HU,43.210005968833926,39.15910307382065,0.0,0,108.99777749100083
0:IT,272.63240084075926,226.3336923916654,0.0,0,109.97431702164648
0:LT,11.772864476242065,8.755739425440925,0.0013383386103447408,7,163.80507102730337
0:LU,4.843477593925476,0.5300373838323337,0.0,0,94.77287604646747
0:LV,7.201224802078247,7.341300773427972,0.001865444714468441,12,163.8050710273034
0:ME,3.0700140779495237,0.18322929662587062,0.0,0,109.78115627922284
0:MK,5.324999050476074,3.1707539124907322,0.0,0,109.78038045737144
0:NL,116.9040159910431,98.08834810165331,0.0,0,97.76615112321507
0:PL,158.3500118000641,162.6035390965421,0.0,0,107.52377583936787
0:PT,53.08791996813202,41.29542284383049,0.0013202141101305686,2,99.1250853163111
0:RO,53.560333579940796,47.25903128006216,0.0,0,109.56042013879767
0:RS,34.3214870015564,8.16623922033319,0.0,0,109.72136028218438
0:SI,12.533900388168336,12.092481591237446,0.0,0,110.69375539394619
0:SK,25.824788700317384,32.227433376019505,0.0,0,108.6582289927071
0:XK,6.780857315383911,0.7569894743106099,0.0,0,109.76289939064544
1:DK,18.86310644303894,18.60021290226107,0.2938432334846638,197,1741.5961794387238
1:FI,84.55375715096282,92.46581141283993,0.21692660263781732,177,584.2611423205499
1:NO,137.04442755136873,23.80917074300913,35.46079607148602,8369,9576.882127446017
1:SE,129.5462817512131,128.69510452695948,0.21822884501360681,141,703.6022683603206
2:ES,3.66624287525177,1.574046511828809,0.0,0,91.15937455090175
3:FR,1.1901393649291991,0.5588745352539756,0.0,0,109.46648332103933
4:GB,229.10849491451265,271.93128842313183,0.0,0,72.26953863727891
5:GB,7.509675114250183,4.405972109921044,0.0,0,92.0583803178521
5:IE,34.52733977433014,33.77041240341071,0.0,0,92.0583803178521
6:GB,0.11662641820526123,3.284042215929516,0.0,0,72.26953863727891
7:IT,4.477907153114319,14.615892301889863,0.0,0,108.04966570794419
