carbon_price_eur_t,case,model,carbon_inclusive_benefit_eur,non_carbon_operating_benefit_eur,avoided_co2_t
0,baseline,pypsa_transport,0,0,0
0,baseline,pypsa_ac,0,0,0
0,swepol-plus-500,pypsa_transport,1392863.3495801687,1392863.3495801687,-3593.024014994502
0,swepol-plus-500,pypsa_ac,1646179.3717832565,1646179.3717832565,-28407.866223856807
0,battery-PL-100-400,pypsa_transport,18879.887765169144,18879.887765169144,-1078.4346412457526
0,battery-PL-100-400,pypsa_ac,18804.63260924816,18804.63260924816,-1454.0345577150583
0,meshed-DE-FR-plus-500,pypsa_transport,139659.79013121128,139659.79013121128,-8552.312404800206
0,meshed-DE-FR-plus-500,pypsa_ac,186826.77954363823,186826.77954363823,-26744.225511666387
40,baseline,pypsa_transport,0,0,0
40,baseline,pypsa_ac,0,0,0
40,swepol-plus-500,pypsa_transport,922147.2251455784,2879135.4748487473,-48924.70624257624
40,swepol-plus-500,pypsa_ac,805783.2978236675,2823971.4044365883,-50454.70266532153
40,battery-PL-100-400,pypsa_transport,5654.850397109985,-23302.390070199966,723.9310116823763
40,battery-PL-100-400,pypsa_ac,7170.266894817352,20283.74161672592,-327.8368680495769
40,meshed-DE-FR-plus-500,pypsa_transport,0,0,0
40,meshed-DE-FR-plus-500,pypsa_ac,0,0,0
80,baseline,pypsa_transport,0,0,0
80,baseline,pypsa_ac,0,0,0
80,swepol-plus-500,pypsa_transport,553378.5544269085,-827845.8257107735,17265.30475172028
80,swepol-plus-500,pypsa_ac,327419.54740166664,-626950.4255056381,11929.624661343172
80,battery-PL-100-400,pypsa_transport,36079.171830654144,-18832.96800017357,686.4017478860915
80,battery-PL-100-400,pypsa_ac,24143.02070569992,-1675.8359684944153,322.73570842668414
80,meshed-DE-FR-plus-500,pypsa_transport,0,-2.384185791015625e-07,1.862645149230957e-09
80,meshed-DE-FR-plus-500,pypsa_ac,0,0,0
120,baseline,pypsa_transport,0,0,0
120,baseline,pypsa_ac,0,0,0
120,swepol-plus-500,pypsa_transport,1243169.0793280602,-734227.8135170937,16478.30744037591
120,swepol-plus-500,pypsa_ac,837558.7575850487,-854194.7381463051,14097.945797761902
120,battery-PL-100-400,pypsa_transport,64377.64329481125,-3835.903285264969,568.4462215006351
120,battery-PL-100-400,pypsa_ac,39173.48972892761,-9936.687976121902,409.2514808755368
120,meshed-DE-FR-plus-500,pypsa_transport,0,0,0
120,meshed-DE-FR-plus-500,pypsa_ac,0,0,0
